sample_label,async_total_ms,sync_total_ms,async_full_prefill_ms,async_incremental_prefill_ms,async_semi_prefill_ms,async_decode_ms,sync_full_prefill_ms,sync_incremental_prefill_ms,sync_semi_prefill_ms,sync_summary_prefill_ms,sync_summary_decode_ms,sync_decode_ms,async_overhead_pct,sync_overhead_pct
25efad,14477.7,20942.4,4540.25,337.1,492.34999999999997,9108.0,4540.25,337.1,492.34999999999997,3224.7,3240.0,9108.0,3.5204696342958877,49.74526915665321
37fd19,8694.15,15029.699999999999,4536.8,20.0,549.35,3588.0,4536.8,20.0,549.35,3095.5499999999997,3240.0,3588.0,6.744794224535901,84.53123465278459
1959ee,0.0,0.0,0.0,0.0,0,0.0,0.0,0.0,0,0,0,0.0,0.0,0.0
81b878,12596.099999999999,19060.8,4540.25,229.55,494.29999999999995,7332.0,4540.25,229.55,494.29999999999995,3224.7,3240.0,7332.0,4.084516352939231,57.50384240360938
